id_0,id_1
2IHoZ3RrDJIikMRsYgHjhy,4Q3xLVaD2uBZGVxmCYuSkt
0EyZDKtc41e4A3a3v69MxD,2mjifhQDp5mFTeH24u9o5S
4xTiWBThjZgo1uZn1WpZm3,6YoTVOs0KBEtOMD1836jEw
1xNqmjTeWon7iX8kbPKpZz,40sNxijTOeMVc8osrueLNw
20RYWcdxVryQ6rcjxnsEtc,7DMveApC7UnC2NPfPvlHSU
0DRuczcdIj65lgrV8pF2mB,5AUIOCOwfhbmaASDMPjvhw
2iK8weavvfS2xJCmzNzNE5,7kG6A2lZMXeaD5YkubF5Kn
1359cXd992MwCyGCgbPDcS,5VSZKWpZnee82aqu3QQhrV
4WUGQykLBGFfsl0Qjl6TDM,7eonsju0gRRDsBvySAYDiY
2JSjCHK79gdaiPWdKiNUNp,7nwUJBm0HE4ZxD3f5cy5ok
22X3PUlUGol1CmOLP71ZHS,3ZcbVcd3fsf9qKK02UVzGB
6RfL3Lrs19ix7ivYghrBKr,7HCqGPJcQTyGJ2yqntbuyr
1XoYv8r7rCgzBSgMWCsnzR,7FdutPVDZf90kkSc6A2Tcx
2IS9rTtWwEfUEY4u3mecIT,7EQ0qTo7fWT7DPxmxtSYEc
1PbZZhQGxXdxgrcR1W8Ete,4giSe7EV9l4lXjXH0s97QJ
1wFoE1RwBMWoWkXcFrCgsx,3ZZlaq6tv1IcMjNtrZpsLd
2zPvDg6LI6NHPQVQIESjfW,34y6hMib20KsOtCnuXRNgp
0n57jUvvtDjkdrnbV7kOvB,27X8WM8PeEiVmhq1JoFMnD
2WROyFfIOmKtRopsTrIL52,66Fb5gJ9SX2WGlqDLUpjux
0NbfKEOTQCcwd6o7wSDOHI,1YfEcTuGvBQ8xSD1f53UnK
0NbfKEOTQCcwd6o7wSDOHI,21E3waRsmPlU7jZsS13rcj
2KsP6tYLJlTBvSUxnwlVWa,4vCYwGCNg2XUsdi9IVMzwo
0oJM3iJjMdzgsd4z5VHQvw,60PKQFvtGXaQWYfVixrrDk
3gQ8iee3y7UsGTMuhjzEuD,4Qv21cLGHUxyffRHV7vaUp
4fqK3sf3jSSa0ZgCB5h8EI,6kA65euBMiB9byVyLbfVDq
3nViOFa3kZW8OMSNOzwr98,6BH1xcDkwbbyrLMUKECsW1
0XeEobZplHxzM9QzFQWLiR,0ys2OFYzWYB5hRDLCsBqxt
0dRXfsjxHNo2YCkkSRP5bY,5MRAExqyhUPkktT9yWNvIe
3jEg5HvT2cuJQDjwjZxTb0,5d3XNpscHFKUuw1YouL2ns
0c6EF9zv5mQX7pkyrPawKS,7pXKdkQsYFCMG2omRxheJ2
5Ah51IbdpFTEZVBYiTKCyI,5rYZzBRu7Tgu80K7bVM6u5
6Cej574CUx7dHKuRHBPNp0,7aLbqaCIv1zAI6HCfPCMjI
43mWhBXSflupNLuNjM5vff,7xJVICbAWizNBKBD3mRWjF
0g3NiCRhEv7M4SEDMrpItN,5Mq7iqCWBzofK39FBqblNc
2syYGtINPRno1nxxil7UcJ,6zdb1i4nghPB3rryEqfMcx
0BLwluvlJt4aAE95gomnbe,5w8S7cxqffamgBrQPY2P1a
3exvMmrLV6o4R42YnG3Id6,6jK80uUbEH7qA9x8iZ3YEO
60PKQFvtGXaQWYfVixrrDk,7EQ0qTo7fWT7DPxmxtSYEc
1Rqa3ZF83zo3rKGrKMM0iD,4ehtJnVumNf6xzSCDk8aLB
33C3v8OjRBUad51Vbb4YzR,4OOvjR7I1jkWSyT62W5Eki
5CMaNobmJYgXcfiT0zYOwi,5zId1SmYy46E9v2KQsSTFR
3p22sjFokQUthzPg63kqfP,4HwAT5MwP6W9lq2VzLq889
0U3b0BjITtQHwjwBVtiGcO,6Si6fslrH2xSORoY5TclT5
4NgNsOXSwIzXlUIJcpnNUp,5s6TJEuHTr9GR894wc6VfP
4DBNGKCWVHaxuDNBAgTiJH,6LqNN22kT3074XbTVUrhzX
64vIV4nGYnWdHeioX3kIdA,718QENtLy8bL4xVoZPg5PP
0n6sKrG0xKAf8xmdqeNGke,1GDbiv3spRmZ1XdM1jQbT7
1yWjbmwKNd1q0PI1V1BuQ7,5fCEdL4vmhOgT1d4wNmfSZ
0t3QQl52F463sxGXb1ckhB,50VoYemccTaftNfFqWtlXd
5vQXzZjy86ijQhMjMb1ke4,6LPDid2j16uSQ3qSLmIwFR
2FKWNmZWDBZR4dE5KX4plR,6Mp7fezR1NJNc7tnybKo18
4KhhrxYUjhYz3AYirtxBmD,5pKCCKE2ajJHZ9KAiaK11H
4xxEZFXYPy2ruNPxYEMiOA,51ebLrYm2zzhVTz56XR57C
7LhadozhnDqlnrs6thTnIu,7nJNuftnqwrFGFs3ZRRe0u
0oJM3iJjMdzgsd4z5VHQvw,2ajhZ7EA6Dec0kaWiKCApF
4UuICMmKQKNyCJfBg6lFFD,4Ys2BviobiudpEXEgVtdlV
17t47EYzlgWJ9UJcGIudK8,1wZtkThiXbVNtj6hee6dz9
034u8Qcs47NHkRQXaWkLXW,4luZExkmgn39Kj5XsYWria
2F8GvYuY0lfZNYu45dY6gJ,6bvtY9dkfSa5yKuogd2aLU
0DnbOatBnP7UDkeiQACgxd,1wFoE1RwBMWoWkXcFrCgsx
28c07uXY3RxfXlnAUzWtEy,4giSe7EV9l4lXjXH0s97QJ
67IWlRdLy3UcfY3q968euj,7IWshUcKfJyDWrbiF2XT8J
0fTav4sBLmYOAzKuJw0grL,6E9Q3EKPiOPUbBBFU1YXzi
47z7ZrgFoBvVpCnElCE3Zh,7rnzdGq1qPizursGNI1P0V
0nC7vC1zxC0uRXwEeGKIs9,4Q3xLVaD2uBZGVxmCYuSkt
3oSgH2W9QQhUnYm2qhBcIY,7HCqGPJcQTyGJ2yqntbuyr
4faw6pXCi38LUMTw7xSxGJ,5dXlc7MnpaTeUIsHLVe3n4
021sXp6RH5MQCCp2hmal6q,1zCgO4JLvzY9JUYRoUBMqK
5fvTHKKzW44A9867nPDocM,7vJyQMmionozMmzgDkyqUd
4DCHl7YS8J9pe2THEUvarN,77Nb2LBcSduVdwWZkmIDUK
37G8DfNgO4mQ3PKh5droSo,3D5xm5CSSEegZTs9fHwtwi
0NbfKEOTQCcwd6o7wSDOHI,6oMuImdp5ZcFhWP0ESe6mG
1El4YQA8oCXX7ynFSxRTFq,5dXlc7MnpaTeUIsHLVe3n4
2RON3ZWvFVAHpiJA74KNHj,6NAhbfEqeWELwfjH391Vz0
17GDrcknjyTyuxDbZ4kHlz,3xXIOO328Ieh0PWOcxivjL
0HlxL5hisLf59ETEPM3cUA,6hKSfdiJqWBEGWlD15uqR7
0W3C8tSz8ERP2t37m6Ru6r,2JMLHAgdEDXWFvqrvKXMU0
0U3b0BjITtQHwjwBVtiGcO,5e6u7I8qqYHYUz3z0g1h0C
1GDbiv3spRmZ1XdM1jQbT7,7iK8PXO48WeuP03g8YR51W
2Dlvgi70UoJJicfKgoW5Vo,2ivR9Xowmch0rezShFxZIa
0m9husdLSRyNHOuxFAr5hB,21E3waRsmPlU7jZsS13rcj
4Y7tXHSEejGu1vQ9bwDdXW,7aYSw3m3lpP301oyLaJD5H
1359cXd992MwCyGCgbPDcS,4HQAq0WDjTO9UHk4hnNi7a
2br2VHpIb5S6LIO9gz8P88,6XGvZeVz93FpYwUMY5a9Ip
2yPprAQlrIQWu60g09B9MZ,6nboHpRsZBI6pPX9lSBvgT
3aERYLqcdKbyI7pjmOgIpU,4y2LFjBx0OvRMGlM70V4CI
0oJM3iJjMdzgsd4z5VHQvw,1kgxTtyF91VaqLD3J6Krd5
6EPlBSH2RSiettczlz7ihV,6GiUHOmKrEanWhJp5QZvfV
20mCdWSz6PqFQof9gFFJ1r,7sfl4Xt5KmfyDs2T3SVSMK
00IczxaF2dh2W68AutGoC6,4NYMUsIcUUsBHbV9DICa5x
64aJYyrXljOodnUG6jvhRD,7a0XAaPaK2aDSqa8p3QnC7
034u8Qcs47NHkRQXaWkLXW,2Sqr0DXoaYABbjBo9HaMkM
4Qv21cLGHUxyffRHV7vaUp,6tblgI18nZG6ma3uYKuxKa
2EeWguQKuRF8RCJ5Vy21Ao,6cC3KmZOI4EG7a94PtKEYb
2iK8weavvfS2xJCmzNzNE5,4pT8P1q4UTpLvPW6M1DxCh
2FKWNmZWDBZR4dE5KX4plR,2sN4fSzAm2rAL0HIurPCEM
0Jsk5iYMr5aNjHury7blm1,7uaikZmOtxXTNe5kPWv5t6
4iOPZa6v0fhoc8rgL7BTD1,7FBDXY8U17aasVTH3rgxbS
16KSSLMXOdKQ2MHt9bOHTG,1Y4WZDXADQZRLwOopgt37V
1359cXd992MwCyGCgbPDcS,3FAu1xLrESHA3nQuZ6pVmc
4y0G11kIVcUrvbJjIeRttg,7oxIi3tF8bOBxAcSixbojj
4RddZ3iHvSpGV4dvATac9X,52qKfVcIV4GS8A8Vay2xtt
2cyyGl4qnHZL0o16t0fpJl,6Xnvmw6KieZ1nVs0YdWemQ
1WXbiUMl1AT9Inb619xPUg,2VusEgusIz4NJQjCXHbAJ4
1sVmXkzX2ukc6QvasrDBES,42daDEQTdYaqtHG5sH5HMD
4FiTm3noJ9NVfKKmsEJIUI,5gqBukC8zUcYkfTgMlFOIF
0lHB0Qc4pmD5RkTLlHeESo,34ZgtjHC9aNCr5ZTUs7bzx
0sidBbuq2OCR7mtHiSIfCN,6Ywb1no2hXLazjIs4LUiQD
02nqwOvmlIhYQtZ5kVqJZm,5pKCCKE2ajJHZ9KAiaK11H
1Uw2tN8RWQAKO3jtsqIJ8M,7EQ0qTo7fWT7DPxmxtSYEc
2t5LZnlhZW4ctjLQE9qoae,7uzVGEzat6UtQffiS6FQGy
2Ut5MShqxOL5Tx0WloyUJB,7muPB2GhV0sEg2K1Fgj0Xm
4DBNGKCWVHaxuDNBAgTiJH,5CVwY7MrkxGF1aM4f1u6Xk
31ACkQCBFwLQGxN8MwfSrO,4cIp9eVnE7FyqDf0Eqfzcr
5ENS85nZShljwNgg4wFD7D,6p2OJnQ2LD6Yp58rUULMle
2PC0CLpUsoEQPNIZKg2ZX0,4vZBqD3QXrKiE3mZ6zHr22
3fu1hnwn0Gvs8FPXctxVOe,4GcktEVE1rB4Kyv1woxUrx
2ew9JvyyuOGkhahuwdovDq,5HT6hDqzq0B7EFlokN0hK2
1Qneon4tYZ7srVOU91bTsO,3PV11RNUoGfX9tMN2wVljB
3TaUSUXn41GixL7zbvrIDt,5g41NCgZ70kV1xXoSYoL8f
1qto4hHid1P71emI6Fd8xi,1wZtkThiXbVNtj6hee6dz9
31ACkQCBFwLQGxN8MwfSrO,44lzFVYV0WHYP9vSX9angX
2DQZm7ErqpqiT4nxF9i4a2,7HCqGPJcQTyGJ2yqntbuyr
0FL2d6iFFNAV3yBUbXjZ1U,2NBV0SMMP4gvzmqibFlwjN
5fYTdFqqaSQlBjcESLQwhG,5pKCCKE2ajJHZ9KAiaK11H
2D7YyEYEeZY7W6rpuN6WoB,6y9lvZaKtNLru9bQyLajy9
0Vx7iZ1loXjSgG0NNssDrD,4fEkbug6kZzzJ8eYX6Kbbp
1NpeO0rYdDwUjtaXMDlb25,2Sqr0DXoaYABbjBo9HaMkM
1KVb90co8u2yV4SfJuKOnc,6ltVunYjAAD70YtVO6rxvX
2scCthfq8kpZS50gb8koTD,5QnIbp5M99yVqebaeKyJXl
1kwzW1IszUiq4Gs9BFesvW,3p4FNslxuuEYSEnMsx4YI1
20akE7sZUTpZSC78lPhqvt,38fyO3cEQYQkpfDTUm93hB
4esHHdhDN4oeg9zYkAFpUs,5ee4yhrWOxaxvL77BoVpVR
1SgvZBHUHMBqZe7PieKJxG,2khMFBBJE2U2Oz97TI1PhY
1ADFyan08VIwFUGwGXDxNe,37G8DfNgO4mQ3PKh5droSo
2rmeNLaW3fZfmYv65PYn6A,3NOlXM7t15vx8M9hwmQc9L
47rT8CoKTbr0S945AGgATQ,4ly0VtIYiDYVA4q6ry0NUk
2QDnY1LY2mnzeeKGZLHoc7,6FsTyMvWygqPWyx4d1MvoT
0bxHci3JIhhKA53n8rH3tT,3dfQn1ijJNptfREJB2rRd2
1z7b1Pr1rSlvWRzsW3HOrS,5usbqiU7sjvszjWecANDL6
0XeEobZplHxzM9QzFQWLiR,34nbQa7Hug9DYkRJpfKNFv
1kwzW1IszUiq4Gs9BFesvW,70ygaPJzebQpSKtzbW2u93
2Ut5MShqxOL5Tx0WloyUJB,4yUvIAm9mSJyLt1WLrOxAZ
69yVEiGKjokl3qx25AbBPs,6dbdXbyAWk2qx8Qttw0knR
4DGPK44xtNPRNQSH2Bg73a,6xrc4RXcso9uKlYWlIANPU
0XDfNJsQy7B3q0GfsMHSkp,5wXRHaEx8AvtUv0gyZHGf6
5Mq7iqCWBzofK39FBqblNc,711RACYACplatReI4JGaoa
60tsxRkHtGIlk3IW8U8O2y,6j2HGKxQpvoTFC5UCDq5mb
5lkPydJppIPd2K9jJkfmMC,7jdJjsJReRLDfoTKSuMljp
4phGZZrJZRo4ElhRtViYdl,4u9SuIS8dNIJx0bf8OHivJ
1Yfe3ONJlioHys7jwHdfVm,1ej8hMiLCe0c0D6kFVuwWn
0dQUkvpKTvHbsTxXKcIN0S,1rUeLnFYN1yVMt5Ok9EZKT
2WROyFfIOmKtRopsTrIL52,61R2K577GF9XaGmrzJIebF
2WROyFfIOmKtRopsTrIL52,2Y4125mDrgQyPD7dt76Rtm
39W8ER2QJe2x3pKLIXTiwK,3exvMmrLV6o4R42YnG3Id6
0Vxqvpm9tpZcz6d4egDtjX,27X8WM8PeEiVmhq1JoFMnD
1hL3Hlgw0yAG55yif2Q2bC,37G8DfNgO4mQ3PKh5droSo
0LkUf4EevVseUbsW2hW9ux,6NAhbfEqeWELwfjH391Vz0
12dRVeXA0qQ3jiHQYFHKI6,5deLgmgAEgy8UHOfJ9Dj8w
1FgdO49LDwei3ZdftmqEJZ,7HCqGPJcQTyGJ2yqntbuyr
22v6eAaWXd2qkH3L3GsCGT,4xTiWBThjZgo1uZn1WpZm3
2FKWNmZWDBZR4dE5KX4plR,6mJOlM9Zhsm4fhGgDpjRlG
1FChgxbpvRx8HCXQlWIZcD,3ZZlaq6tv1IcMjNtrZpsLd
4ZE1n4MCGqBJhjyY2Ddzj9,7naCkywRMOSMBnYhFbiM3G
0dE9ooTNz8iEKIKItRI66t,3ihXVyWYDuTBVpEDrr1Lop
1aji1uMIIghmeNmhanEqyD,2AcUPzkVWo81vumdzeLLRN
2jlWF9ltd8UtoaqW0PxY4z,6Xnvmw6KieZ1nVs0YdWemQ
0W7yEx7tCUH0FGMHB3DUL8,1eKwVaINKkLrCkOQFRVM6g
1dqGS5sT6PE2wEvP1gROZC,3TaUSUXn41GixL7zbvrIDt
2iK8weavvfS2xJCmzNzNE5,5mXMQJHLLfym1KyNcDrhoZ
0YqeL4iGLLNiwRXZvew1TM,6L34dW6SKMSDaGIfYDU19j
4xTiWBThjZgo1uZn1WpZm3,6QS84S3i4gwdEKqWoTtDLd
4GcktEVE1rB4Kyv1woxUrx,6kA65euBMiB9byVyLbfVDq
2gg6bYmZMZbhGfLBvqnhaP,7LiVklVR1325BIOqD9kykr
0bxHci3JIhhKA53n8rH3tT,1iL8p9yzijWY1XnqVgHF5P
4KJ6jujcNPzOyhdNoiNftp,5ivCbtrcD5N4rD337xIb2z
0g3NiCRhEv7M4SEDMrpItN,0oJM3iJjMdzgsd4z5VHQvw
0NbfKEOTQCcwd6o7wSDOHI,38QBtacqqWNomoWMAOCH9l
3KnpO8dT2xgObEBmRsLv1u,4LiocIl9wLVekOfRq1X1WP
2wC90WSKQd0BvdxJZ0mObr,4jogXSSvlyMkODGSZ2wc2P
1SNHwWqiB25NsRd6YKoWng,3qCapKeY7AoBuR9SGAK9uF
77YzmvFkHUV5Aq68yt3GH4,7aLbqaCIv1zAI6HCfPCMjI
4l1cKWYW591xnwEGxpUg3J,5ZK1SZxMVlg0vKMmBOTbIw
0OMJR0LjjKv21qNvICTgbi,1z7b1Pr1rSlvWRzsW3HOrS
4xTiWBThjZgo1uZn1WpZm3,70ygaPJzebQpSKtzbW2u93
3TaUSUXn41GixL7zbvrIDt,6tbmy77VmvgGGBano6HoUh
2Fu5huGG8iXC85P9akyYrr,3KXgPkjJR5jy6hXZ6lZwa7
0aWejBeuhZQT4c1aTEbCkp,1eMmoIprPDWeFdB1FxU6ZV
2AcUPzkVWo81vumdzeLLRN,4IbUky1dWqlyVlMMTJXPI5
3xaOS4EuhPKa2wV01mH7oe,7kG6A2lZMXeaD5YkubF5Kn
5DDTgkyd9ZOFEqR9UQRrSf,5ENS85nZShljwNgg4wFD7D
4Rxn7Im3LGfyRkY2FlHhWi,7E66Ec9erPc855GrmWmDpq
1yWjbmwKNd1q0PI1V1BuQ7,4y2LFjBx0OvRMGlM70V4CI
43BxCL6t4c73BQnIJtry5v,7pKGtXz21XIhXz1MfzbxNS
77FDPa0GJVaf2MrZYxxVv5,7sl3PZyhzAqUpL3M6WVD8G
7dnT2FUXhjirperXaH22IJ,7fAKtXSdNInWAIf0jVUz65
79Pqjevn76nsm1KiEgWuyS,7sfl4Xt5KmfyDs2T3SVSMK
1vaQ6v3pOFxAIrFoPrAcom,3nViOFa3kZW8OMSNOzwr98
0mFKtQlzvU9l8gD4NbCnf0,7iK8PXO48WeuP03g8YR51W
1wFoE1RwBMWoWkXcFrCgsx,7uaikZmOtxXTNe5kPWv5t6
4Ou3mlRlqMFX0v6THuRlu6,6oM1PyiV3LidEUIHKubg3W
1dwD6O3Ch5CkseMsRqXzNb,7EQ0qTo7fWT7DPxmxtSYEc
1fux65HMCBvfJHqlBc4Nno,7iK8PXO48WeuP03g8YR51W
7jdJjsJReRLDfoTKSuMljp,7sfl4Xt5KmfyDs2T3SVSMK
0fwGtEcJ4v3H0btcbM0KWc,4GcktEVE1rB4Kyv1woxUrx
3YjmLwDHWJaYUbmaRf3UUg,7vvUKXOl1Tb0TQmRMJjuez
1apmSb6aeHZyr9zUsy1Z9q,47z7ZrgFoBvVpCnElCE3Zh
0n6sKrG0xKAf8xmdqeNGke,7vnithGAUscrk9Imtyr6Sd
09WqkYnqWKUQAYSlEvaf6s,6sBSLIunx1Je0Y2T77wpkP
6kq4GHwUcUojGIu0ziSNXf,7iK8PXO48WeuP03g8YR51W
3oDgJWXZNUmbTXPgKJOF6x,7LiVklVR1325BIOqD9kykr
16KSSLMXOdKQ2MHt9bOHTG,49qOEODA3n8HiVUY4uwJbU
2kyu2lKKPgqLdf3TqAgYi9,5Nk0BumRd1Of5KAUvWn7LG
1SNHwWqiB25NsRd6YKoWng,6rlRsGkuYPz1ssHFa4lm4N
2toxhc2iSbFHWgy3VMnqR7,5tnaBrIKASli2W8rK6okGj
0NbfKEOTQCcwd6o7wSDOHI,5usbqiU7sjvszjWecANDL6
5O2Ivrux2DvY0Nvepnio1A,5ksD5XT78Q3JpED82u9rNO
480i0t8YiGc2aoOR6BeLAb,4Cs5RMCcCw1EWZnEPXPF6X
3U5Oag04Yl2WnvPULOlsMD,3vsRnplSphnC5VPIJgvUl0
1fIJZfSmqQkuqfKNRmrS1V,47G4aZmzN6mRtKCSoLoNDM
3XQLSTYyBneA9vzOEP9OSH,6aH4CaxRV988XUNLVSi1dZ
0o0rlxlC3ApLWsxFkUjMXc,1YfEcTuGvBQ8xSD1f53UnK
4phGZZrJZRo4ElhRtViYdl,5gft5TjICigEx8pCozvTuA
2rYxEnHjY4kAGMy2muATL0,3ZZlaq6tv1IcMjNtrZpsLd
0HJsX1aTdgG1VDIRDiseSJ,3tQx1LPXbsYjE9VwN1Peaa
0NbfKEOTQCcwd6o7wSDOHI,3ycxRkcZ67ALN3GQJ57Vig
4Vo7jk7sjpIFMk14dedex5,4uqzzJg3ww5eH7IgGV7DMT
1PNvaesh1mkKZucGhBuqgD,27Od4Wz93nItXglC5t5GuC
5io96qFvFJevk6P5NSM2pq,7HPUYcx61PbkQbtjsVgTCa
0lmpSjaPzC8ChqeFQ6Z3VS,4Y7tXHSEejGu1vQ9bwDdXW
11K0HIZKfdB6ez0VhIgxPm,2jlWF9ltd8UtoaqW0PxY4z
0Jsk5iYMr5aNjHury7blm1,6j2HGKxQpvoTFC5UCDq5mb
0KVCCaYT3ypXvb6KNbc35R,643bvSrCzawnfdDySi1mry
147nKr9upHZSSxqCzh9j7c,4BYxqVkZyFjtik7crYLg5Q
21WS9wngs9AqFckK7yYJPM,2UuVqmRzuGdHQB7BKACEW4
6ma7eBrKihYrXcvdMNpnc5,6oMuImdp5ZcFhWP0ESe6mG
40NRiKuuhj1pgGYppptlBO,43BxCL6t4c73BQnIJtry5v
6dsydSz65RYIDR1Qg7aPxa,6kA65euBMiB9byVyLbfVDq
19KwjzvIL92r29IINtlPNP,7uaikZmOtxXTNe5kPWv5t6
5ENS85nZShljwNgg4wFD7D,5eWautrVuflXh2AeeovBmD
0o0rlxlC3ApLWsxFkUjMXc,3b8QkneNDz4JHKKKlLgYZg
4xTiWBThjZgo1uZn1WpZm3,5bDhCVpmuoxzbiiJ7sOLEt
0pbnNW3hjvTQYxv1248B6J,6NAhbfEqeWELwfjH391Vz0
27X8WM8PeEiVmhq1JoFMnD,4ETNIYvsn5m3JJeLJG9RoU
4GcktEVE1rB4Kyv1woxUrx,6r5nslEUXZRMW9qpxKvxV6
7CNx7S8KIdN7bUXtRoTXcE,7HCqGPJcQTyGJ2yqntbuyr
3Xt3RrJMFv5SZkCfUE8C1J,7avo0PmlW8O1YLEt9DnWQT
01056gItT5lFJEvQnFOByX,3uCu2WgyG0Iw50ylOYDSpH
21E3waRsmPlU7jZsS13rcj,5pKCCKE2ajJHZ9KAiaK11H
2hkGkEnyudpE42IU4DBt99,3KZLRIcVpkDSzkTgPbFMje
1El4YQA8oCXX7ynFSxRTFq,4CuMwzDzEdlUJMEna38VQ0
1W3FSF1BLpY3hlVIgvenLz,5pKCCKE2ajJHZ9KAiaK11H
46MQge2LZQejYMVXGQhVF8,6vWDO969PvNqNYHIOW5v0m
2ZRrPOjBIWoKK5rHedLijj,4fEkbug6kZzzJ8eYX6Kbbp
0HlxL5hisLf59ETEPM3cUA,5wcLyLjL7TeE5m0XOerf7g
4jogXSSvlyMkODGSZ2wc2P,4sFGEHs1ufSWEmfpTDm3DM
4xTiWBThjZgo1uZn1WpZm3,6l62WzQPttod9EERRFQKtW
0dQUkvpKTvHbsTxXKcIN0S,3Zan5Poez2lZsuz9xXJfvn
5CVwY7MrkxGF1aM4f1u6Xk,76i2ylWmcnDTx38Va7Mwzr
1gALaWbNDnwS2ECV09sn2A,4L2dV3zY7RmkeiNO035Fi0
1eMmoIprPDWeFdB1FxU6ZV,7DMveApC7UnC2NPfPvlHSU
2syYGtINPRno1nxxil7UcJ,59PdCvofSytil6D084I4Bw
0WI8OfWCRvK4nGHmKfFQmd,75ADJ5FP2JuZwnAnbwW85x
0dE9ooTNz8iEKIKItRI66t,0roWUeP7Ac4yK4VN6L2gF4
4ehtJnVumNf6xzSCDk8aLB,7DMveApC7UnC2NPfPvlHSU
2iK8weavvfS2xJCmzNzNE5,7muPB2GhV0sEg2K1Fgj0Xm
2Ss73LwiIQQRLr9OoLQfuy,7kBLcEkquJFcV7lk9MkKBM
2oDWs343Hb9IVQ2wlG614V,3U5Oag04Yl2WnvPULOlsMD
11ohMXkA2KIq5F1DoWH2jj,1W96xb4ZnNrUSaxXVEMkRe
2cyyGl4qnHZL0o16t0fpJl,7EQ0qTo7fWT7DPxmxtSYEc
0ycvq8upLhNmddPdQXhLOy,7DMveApC7UnC2NPfPvlHSU
54ipTUZllkt8uHUFQl4TcT,7MW3lTs9G10C55or1KZrwQ
23wEWD21D4TPYiJugoXmYb,7iK8PXO48WeuP03g8YR51W
4J7IDFi8WMrs8WpGnh8geP,4yUvIAm9mSJyLt1WLrOxAZ
1YfEcTuGvBQ8xSD1f53UnK,6DPYiyq5kWVQS4RGwxzPC7
5CVwY7MrkxGF1aM4f1u6Xk,6STjC3QJTieuM5WHHtkGuh
4VMldqLa3majLarabWzuqk,5cw9dLV6goUC7iLYyYPTHI
20mCdWSz6PqFQof9gFFJ1r,47z7ZrgFoBvVpCnElCE3Zh
64aJYyrXljOodnUG6jvhRD,7iK8PXO48WeuP03g8YR51W
7HCqGPJcQTyGJ2yqntbuyr,7qO7ie4XpTbbPYbUIhz647
17Do37U0HEbxu1tOrKH8dL,5GHITvoYGNyDXasqbCIOhX
4ABwY5eHGrrwcv13gdDe55,5ENS85nZShljwNgg4wFD7D
0bxHci3JIhhKA53n8rH3tT,7EQ0qTo7fWT7DPxmxtSYEc
5j3htXVskZF0u8qWY5zcF8,7fAKtXSdNInWAIf0jVUz65
3Xt3RrJMFv5SZkCfUE8C1J,7DMveApC7UnC2NPfPvlHSU
1F30RWETubxDmbyfxeVPg7,6UaMv59B64t5wi1vH4H5HT
4vacbFDLabmeOOXlSAP6uc,5YrBL6QmqRYTvr52b0IOT3
0oJM3iJjMdzgsd4z5VHQvw,5vJYPQokMcuDMAAHCSVAyd
1QDrz3DMMaz3TB1cm0PGDu,5dXbkgq9goxRAwCFoNU9Dp
2of7NLLls0dBIQgfndMyxo,4l1cKWYW591xnwEGxpUg3J
1ojneByyCAgtfQFdzOZV4X,7fAKtXSdNInWAIf0jVUz65
2Ss73LwiIQQRLr9OoLQfuy,5sKvgmG84C0bIMWeS2SRPr
071vBgcrWSy5w3RmhMZpOb,5xmfXwTbTxL1CAWPIO5owA
2Fu5huGG8iXC85P9akyYrr,6BLPuS2Tq1ePpZGyo8dXCW
0c5584rnmlOvkMpJtpBLTh,5pKCCKE2ajJHZ9KAiaK11H
1eZrfWxHcpXwCb6wG78otq,2AcUPzkVWo81vumdzeLLRN
02uYdhMhCgdB49hZlYRm9o,6LqNN22kT3074XbTVUrhzX
2hZoJ9EKrV6YLfUKebCZCo,6VDryi3j83zWKR1kZ1Uy5C
0js3wKXyi7RL11sfOykRt1,6i47wcSLvsZ9M01UO7zsua
1GDbiv3spRmZ1XdM1jQbT7,64aJYyrXljOodnUG6jvhRD
4VMldqLa3majLarabWzuqk,7wz8Chs4J8adhaluogDJBl
5MTbPbWnnllwgJBsahACzy,6emZIO62oAXpIGiplDApwJ
0NbfKEOTQCcwd6o7wSDOHI,47z7ZrgFoBvVpCnElCE3Zh
4fEkbug6kZzzJ8eYX6Kbbp,5ObQXIcqKtQENK14lQyqiy
2Fu5huGG8iXC85P9akyYrr,7xoGvuN5XfZ3T4dZoJvMCr
0HlxL5hisLf59ETEPM3cUA,6UaMv59B64t5wi1vH4H5HT
60tsxRkHtGIlk3IW8U8O2y,7naCkywRMOSMBnYhFbiM3G
0n6sKrG0xKAf8xmdqeNGke,7iK8PXO48WeuP03g8YR51W
2BQWHuvxG4kMYnfghdaCIy,4yoxAZ8dg9fP5pJDA9hrGo
6TORpABa05Re3EEkLctazv,7ABjmCErFBTzoGMVoQc2Sh
50uPj85gZxHFuFOlNBnnr5,5CMaNobmJYgXcfiT0zYOwi
1kgxTtyF91VaqLD3J6Krd5,23DJMI9DCZpuPaYy4izpdb
4CfnUGri0zE9AIiVIKew6q,7bTUZU8QavxiW0GtvEVP0M
0NbfKEOTQCcwd6o7wSDOHI,6DPYiyq5kWVQS4RGwxzPC7
3Ns5FA1ANQOzsHLWspsrC6,6ob7HchUcwSIsZN4KcwQdV
4esHHdhDN4oeg9zYkAFpUs,7MW3lTs9G10C55or1KZrwQ
1eKwVaINKkLrCkOQFRVM6g,5dXlc7MnpaTeUIsHLVe3n4
1wZtkThiXbVNtj6hee6dz9,5fEB8ol3Eg9yEE9atyQK1x
2MnMuRYL9qsGvWPsZGeDGQ,3KnpO8dT2xgObEBmRsLv1u
3Hew3AuvrbKxCbehT4Rorq,4iWkwAVzssjb8XgxdoOL6M
0h8CxuLbUq8WFOuj3pSnf7,6NAhbfEqeWELwfjH391Vz0
2FhtACuHs79XPRWzYqLvxn,6cC3KmZOI4EG7a94PtKEYb
1FoK14ZJHe7ltFQy1iCaSS,2zgF783l4A3tMjr081z1wt
3PV11RNUoGfX9tMN2wVljB,6Sy9DdLJaN8JMyWi6mzU10
02nqwOvmlIhYQtZ5kVqJZm,2ajhZ7EA6Dec0kaWiKCApF
2ew9JvyyuOGkhahuwdovDq,373Zze9JYDrCAfkQZUsOBP
1Ph1cqOn7flTxltVNis2l9,5IgZF4eJh64ab2JlMcolq8
5PxCTrv3Y1xVACfngpt7D2,7DMveApC7UnC2NPfPvlHSU
65nZq8l5VZRG4X445F5kmN,7Aqr06WngG4dj6rArzKgUG
0NbfKEOTQCcwd6o7wSDOHI,35Y9TItZQtRRD5FzYoGXVR
2iebycoaS684uR6Aa5GRoO,6QS84S3i4gwdEKqWoTtDLd
17vRJZ5WQBC1CvEW7XVGlL,6Ap4eCAS7mQixYK8mbbYAp
0dQUkvpKTvHbsTxXKcIN0S,4yxLYO2imECxGYTTV7RQKb
4X8QFzZ1HqwPfwDfyjtwXC,5YRqxl4KfzKkFBMu408yv6
0NbfKEOTQCcwd6o7wSDOHI,18mJh1DLxiQA8IhqcmrExb
3NWuniwBMt5d212zZqwDuz,5zpiyNX3wozQrDnNz49rsR
0FL2d6iFFNAV3yBUbXjZ1U,3ycxRkcZ67ALN3GQJ57Vig
1kpnFAPpACdKIiuaatgBah,2d6W4cnC5XsVOaxtgaj9hA
1E4r5qziZja6v8jA7iTqjn,6Ywb1no2hXLazjIs4LUiQD
2sZFzWiRoVZzCirDAyiHS7,5Ah51IbdpFTEZVBYiTKCyI
1z7b1Pr1rSlvWRzsW3HOrS,5ozWxYhYzjDj9CPHhftciP
2FKWNmZWDBZR4dE5KX4plR,3dihrcurT9YFHMT8KpaIKa
1QfjByidqUrsRhcT3fpWTU,5xmfXwTbTxL1CAWPIO5owA
0NbfKEOTQCcwd6o7wSDOHI,1z7b1Pr1rSlvWRzsW3HOrS
4Km9iDzQ1eSb6lcMfCd7H9,5zId1SmYy46E9v2KQsSTFR
2KsP6tYLJlTBvSUxnwlVWa,4Rxn7Im3LGfyRkY2FlHhWi
1WXbiUMl1AT9Inb619xPUg,7qphix9suv1rCCY4LaDk3H
7cB6KjTm98hhNE9eeyhcnF,7nJNuftnqwrFGFs3ZRRe0u
1XbYw7RcmUjjyryw1Z1mFc,5CxdR3VSEWjiAa5DabdLVd
1dgdvbogmctybPrGEcnYf6,22LHdZRsBlv7xju3l7zqNE
0awWNjR5qmSZsQVFAo2NsR,3U5Oag04Yl2WnvPULOlsMD
0DS7yAesjt5IN5h4tc7A2r,4X8QFzZ1HqwPfwDfyjtwXC
2IHoZ3RrDJIikMRsYgHjhy,3U5Oag04Yl2WnvPULOlsMD
0t6A5IoqSxQzxmMoDkS9Cv,20kOTMa30lM4ssIFjdUZzi
6A7jNA1DlUaZPTg51DOyTC,7wjbFMCXWpPswS7olSgEjX
0rHtbK2pK4r67coo9EsT7D,1gEUb50O16RzLbZ63SbycQ
3jdpfJ0AO1nez3eWahyjcH,3p4FNslxuuEYSEnMsx4YI1
0wwDZj4zgZORjTGhTujAKx,4gBSxPqXiAJn7RLXOpnuWe
3ZZlaq6tv1IcMjNtrZpsLd,7aJ3XiEqaKGFJKSpCzZPQu
00nBviCFsh0Cpf8zp0sxw3,3gemH8D6fpu12DmTmUZYAL
4Ys2BviobiudpEXEgVtdlV,67ktO6WKPZ0h4cBxSBBoep
27Od4Wz93nItXglC5t5GuC,5CMaNobmJYgXcfiT0zYOwi
1nVEvn7RMNxj27rn0WE13E,202SrQTYVvPja7Z5lrsWuk
4fEkbug6kZzzJ8eYX6Kbbp,7HCqGPJcQTyGJ2yqntbuyr
1RFTu9DxRmO2inIuvm7JMG,64ZlXthY17DFcsdYOcgjWK
3csPCeXsj2wezyvkRFzvmV,7yxi31szvlbwvKq9dYOmFI
1fux65HMCBvfJHqlBc4Nno,5cDfQlhT80II3f2ECXm6oA
23QiUDhZI1asndJml1wpfV,5Ah51IbdpFTEZVBYiTKCyI
3jhkLfgJKRu9Lb0AQd7fkB,7jdJjsJReRLDfoTKSuMljp
3dOrb7nbZX0f0nGEdZLgTx,4yUvIAm9mSJyLt1WLrOxAZ
42daDEQTdYaqtHG5sH5HMD,58LXBTOy629nyAjqX8iUTE
4zrFO6P7G6EZry0pfxMfKT,5Mq7iqCWBzofK39FBqblNc
1F5zdoXcwIB9XSNfitdo7x,6DPYiyq5kWVQS4RGwxzPC7
4xTiWBThjZgo1uZn1WpZm3,6gmbW6uXWh2WOnYxkh8X8X
1WXbiUMl1AT9Inb619xPUg,7nTnGmE3VzNsZLIqgWqrKB
0TO6y1x0LQodwBnxGtQu9o,2znSAMoC2z72k1BNWVMzKW
5TgOBj4v5RI1Guk1F0bfGA,6L1yXwZajCFJsGZcCIRuTc
4NgNsOXSwIzXlUIJcpnNUp,52f9xu2VBr99vFO7bzxiLP
1fux65HMCBvfJHqlBc4Nno,1wZtkThiXbVNtj6hee6dz9
0Sadg1vgvaPqGTOjxu0N6c,5IphjHq07j65nO3Pl2YOWe
3LPEgo9F2HJTkMFTtUbi1G,6PAt558ZEZl0DmdXlnjMgD
4aqIF4WlCX82JQCY5eaHoW,592JnViQ2tot63c1SbtgK2
2ew9JvyyuOGkhahuwdovDq,6tbmy77VmvgGGBano6HoUh
3RTklnRcfHgkQJwFpgOq3t,7nJNuftnqwrFGFs3ZRRe0u
48ON7GrWL4XuueOefP3ikq,4xTiWBThjZgo1uZn1WpZm3
27LlKWxS3KXW7RRAxN5S8s,5dXlc7MnpaTeUIsHLVe3n4
1whgnnXDi5t3jeqO0BPxyz,2jlWF9ltd8UtoaqW0PxY4z
0bi8sypegPFiP6Rd9gdkyz,2d6W4cnC5XsVOaxtgaj9hA
1NRm9MgaO0xcC7WnEvG1y0,2PC0CLpUsoEQPNIZKg2ZX0
21E3waRsmPlU7jZsS13rcj,3nViOFa3kZW8OMSNOzwr98
08Z0yhWGksNk3wceqlCeGE,7yxi31szvlbwvKq9dYOmFI
38CvLGTsjtoloDgv3OKQp8,3RP50pmG8Wz1mhNCidQj68
02nqwOvmlIhYQtZ5kVqJZm,0oJM3iJjMdzgsd4z5VHQvw
0HlxL5hisLf59ETEPM3cUA,6cWvuY0e5li7DIhxis7chW
21E3waRsmPlU7jZsS13rcj,5ud2GD0vCIQYu4V3hYlNUv
4XbegMt5bk2X8R6b8z0vaX,7yxi31szvlbwvKq9dYOmFI
2hkGkEnyudpE42IU4DBt99,4qIFGcn2qynocb33HsZ3h9
3tQx1LPXbsYjE9VwN1Peaa,7DMveApC7UnC2NPfPvlHSU
05YXDJuviChki9rwRNWq55,0aImggBSM0oI26Xswm8DKf
1sVmXkzX2ukc6QvasrDBES,2sN4fSzAm2rAL0HIurPCEM
3vqgT6FvYBxEFbipoT9nYH,5DIR6IADBl1MixJ75bNvAz
02tKmsUnu6UIYpTx5Wyle8,2iK8weavvfS2xJCmzNzNE5
0NbfKEOTQCcwd6o7wSDOHI,6gcLMVjw4iiWzslSt3PfIY
1F30RWETubxDmbyfxeVPg7,5dXbkgq9goxRAwCFoNU9Dp
2ADDZ2HbeOUSVsbRslcZ3X,5WOdGYPMv30vcyOjUjoV1B
0NbfKEOTQCcwd6o7wSDOHI,19KwjzvIL92r29IINtlPNP
0t3QQl52F463sxGXb1ckhB,2qQOdkCSzOF0b2v0u7gWre
1359cXd992MwCyGCgbPDcS,1i4x4LfIE1quRuslm5iZ4X
1LQPwcQLnoGl2vZxIOxAvR,4xTiWBThjZgo1uZn1WpZm3
06nvjg4wBANK6DCHjqtPNd,1El4YQA8oCXX7ynFSxRTFq
1kcYAPNbxmWhmh7Pcnfs08,6kw5sT8a7bcS9u7uVckgJq
2jmAsMZ9hdMfeyCLiBeCzI,6vWDO969PvNqNYHIOW5v0m
0HlxL5hisLf59ETEPM3cUA,4o5ZcFNjaCXNlUCWWYPclr
26OmQHradZrF0CS7DrgWDH,2f1gRV8q7Wua3x7dkoWrbS
3Hew3AuvrbKxCbehT4Rorq,3JN1HDSmKEm26KNZyvjjdB
2d6W4cnC5XsVOaxtgaj9hA,3qIFxVo8eqjA4IFBK9P51C
1apmSb6aeHZyr9zUsy1Z9q,7qtxqPlhWmMhR91hfILYoV
29PgYEggDV3cDP9QYTogwv,4giSe7EV9l4lXjXH0s97QJ
5kXfKycKZbS90vKTz62joF,7HCqGPJcQTyGJ2yqntbuyr
7a0XAaPaK2aDSqa8p3QnC7,7iK8PXO48WeuP03g8YR51W
5CVwY7MrkxGF1aM4f1u6Xk,5deLgmgAEgy8UHOfJ9Dj8w
1mCHLu4gizrN9PwHxKrJv4,7fAKtXSdNInWAIf0jVUz65
2AubscTHZ6Gqo7hlIyDEaH,2IHoZ3RrDJIikMRsYgHjhy
0ycvq8upLhNmddPdQXhLOy,3exvMmrLV6o4R42YnG3Id6
0awWNjR5qmSZsQVFAo2NsR,6LwJ1zgqEFyIwXzDD44Qsn
4NikxGoDm5LGVYAHj0Euoc,4uqzzJg3ww5eH7IgGV7DMT
16KSSLMXOdKQ2MHt9bOHTG,2oivl6K9oJeJSKNPRvjJKj
2EAzv92ciNtTm5DkGSYXH2,4xTiWBThjZgo1uZn1WpZm3
1EmprKVuxgIV2PUK7HgFgf,7Fh934KVdTC7ekW6Rqangw
16ZtQY9WmjLJsbSyoMMoqE,1JXKfGs594mz23sQepWOWP
3omyT5zHz9QmE63xEk10OV,6kq4GHwUcUojGIu0ziSNXf
0DZvV9JoydQj5jEhpiBeOW,32eyFLD9oPqVqr3CDlThRS
1B8EwW4KlZrbqCVfbZgNdA,4Kdx0GZbfcNRIku5iM2Ug8
1uswBKFA1g1dygZVHqfmFj,5x0wy0trcqYLvwUG5PFmQL
21E3waRsmPlU7jZsS13rcj,3c655cBO0W2SlWOKLu2sqD
1359cXd992MwCyGCgbPDcS,7bDXvEadNSNWrJ5ugfobTL
0ka0kKZgG8ewkpIn4Qn37W,6vWDO969PvNqNYHIOW5v0m
3Nbij6lwrwz0XB7HubxdN2,7He1R0X9oFgJZwhg6X2E03
0oJM3iJjMdzgsd4z5VHQvw,6tbmy77VmvgGGBano6HoUh
2BG0hYw2yxUZAo7qleXlor,2QLxag7UehMTlparZcbQn9
0LjKl7QoB5xsk3Mk0mYVH1,7jdJjsJReRLDfoTKSuMljp
47vDXGhyehyCE6DG7bgru6,4h0s1nZFTuIRkkTpAI1F7I
1F30RWETubxDmbyfxeVPg7,3w7oiK5yadmE0HIljQOSRC
6nfYGe7IIuuP5bMY1jkJP6,6oMuImdp5ZcFhWP0ESe6mG
1YfEcTuGvBQ8xSD1f53UnK,2lYhyl1fMy67sFdeN1X274
1sVmXkzX2ukc6QvasrDBES,7HCqGPJcQTyGJ2yqntbuyr
4WUGQykLBGFfsl0Qjl6TDM,6y5Fs04MNlsUCyAgvXkSxg
0QoqpdWGwFQkSbZeEhHHmS,4phGZZrJZRo4ElhRtViYdl
3eReTIjhrje1sk2hFQgwhI,6iYRN5eaz8LSxvwkhmwkRj
4KJ6jujcNPzOyhdNoiNftp,4luZExkmgn39Kj5XsYWria
2Dlvgi70UoJJicfKgoW5Vo,2wC90WSKQd0BvdxJZ0mObr
0L8LiE7VaOytbHy5uabyPa,4pgT4VCXp66MRcH1L6Ewi6
0lHB0Qc4pmD5RkTLlHeESo,3OVuZhlGMASlYTZUDr6VxW
1fux65HMCBvfJHqlBc4Nno,6EPlBSH2RSiettczlz7ihV
3rOOythoKLiiyXJYh3XIMu,4cmLVUbkth6BauCptSGKsV
0Sadg1vgvaPqGTOjxu0N6c,7sZ5ipSoboWdqXkdj6AXHo
02V898l27L8OwXlwOA1BvU,4phGZZrJZRo4ElhRtViYdl
0t3QQl52F463sxGXb1ckhB,23IZADrJHPStZ6aMxJVq3s
3omyT5zHz9QmE63xEk10OV,6NAhbfEqeWELwfjH391Vz0
44NX2ffIYHr6D4n7RaZF7A,6PAt558ZEZl0DmdXlnjMgD
0DnjaQqb436AH1idffI6CQ,4mrrcDjpjUq27YEGwlisgs
0WI8OfWCRvK4nGHmKfFQmd,17XxPdvl2MD39MnT9zhNjU
0NbfKEOTQCcwd6o7wSDOHI,3sw65ZDFBFMwqH2Y6HKF96
0awWNjR5qmSZsQVFAo2NsR,2zioaq2d7svakjWZV5FDXm
2UZMlIwnkgAEDBsw1Rejkn,6PAt558ZEZl0DmdXlnjMgD
15jZ8OLtnGATWHlQkltG7f,31Gbv2WFzy6QX0X6DkGiHA
4xM4nZLhGE0pMKbXA08s6A,7nJNuftnqwrFGFs3ZRRe0u
2KsP6tYLJlTBvSUxnwlVWa,6wKxOKEA3K6R2UZ3COLXEY
05YXDJuviChki9rwRNWq55,1Eks6sKVw6yepoeTbWv0YD
1wFoE1RwBMWoWkXcFrCgsx,6j2HGKxQpvoTFC5UCDq5mb
12CpR4SNDzVIlDoPSeNFeW,7HCqGPJcQTyGJ2yqntbuyr
1k6UJX3fICUUXA9W5vnnDD,6EpQlDjY8ubHu3EpwYzGwO
4FGpdN4lqGwjrFx9f2E1RI,4frXpPxQQZwbCu3eTGnZEw
5zpiyNX3wozQrDnNz49rsR,726Dh6A5VyDfAAQxilT6A0
72FGvJgYbs0NBeJqECy6cF,7Ml36YHsejaW7jVjJAhW4a
27LlKWxS3KXW7RRAxN5S8s,49SLNYRfTi1p9R38NooZKS
0kgOnYSaZeTf3ZnErgwkGT,60PKQFvtGXaQWYfVixrrDk
0t3QQl52F463sxGXb1ckhB,4DBNGKCWVHaxuDNBAgTiJH
3wqsFa5iCRpXjbrMp2WidG,7HCqGPJcQTyGJ2yqntbuyr
4TK1gDgb7QKoPFlzRrBRgR,5yoimVE1rbc3kAx4uwr7eq
2Ss73LwiIQQRLr9OoLQfuy,69392PoCHBv32GuUOrurm6
0lVH4ReyYkoPMxFDzCQSgO,0oJM3iJjMdzgsd4z5VHQvw
0LkUf4EevVseUbsW2hW9ux,6kq4GHwUcUojGIu0ziSNXf
4RmueWJt4rKOlM8O2AeYsv,7jdJjsJReRLDfoTKSuMljp
2gbAU1PZLHR6eSPh0diTuX,3TaUSUXn41GixL7zbvrIDt
1D953gELvYO8pd1hxk5swV,32q5zNVRPO98GfzTAqbVXN
34mMeJFju0jUtiay5UDFYu,6vWDO969PvNqNYHIOW5v0m
4ehtJnVumNf6xzSCDk8aLB,5ENS85nZShljwNgg4wFD7D
6OZRp5SJfh9kZts1SyIMOa,6oM1PyiV3LidEUIHKubg3W
5cjpnbraPBeNRBf2lUXxoo,7Aqr06WngG4dj6rArzKgUG
0NbfKEOTQCcwd6o7wSDOHI,4RmueWJt4rKOlM8O2AeYsv
4l1cKWYW591xnwEGxpUg3J,6RDNTAgm2s6ae71nXWGnJD
2BQWHuvxG4kMYnfghdaCIy,2Tz73u31G8f4nUjtPOketU
0dE9ooTNz8iEKIKItRI66t,5LeiVcEnsZcwc133TUhJNW
1GDbiv3spRmZ1XdM1jQbT7,23wEWD21D4TPYiJugoXmYb
23wEWD21D4TPYiJugoXmYb,68QUssU8KffP7KmgO3Z6Ye
4B8u7XuCSCPhqrVozpJTqf,6JjNWA3m15wq1BCEgGtBAC
2lny2DY0mKzdgAwIx0WD4H,4Zdbr0JJj9SXMDJfus1mNs
42daDEQTdYaqtHG5sH5HMD,4DBNGKCWVHaxuDNBAgTiJH
1359cXd992MwCyGCgbPDcS,2PC0CLpUsoEQPNIZKg2ZX0
3xQ7Td9gKHIT3J7w7e2CeW,7rsSau2x7MvUGB75W2fX8f
14hV8HTKYMZ5nzeaLdLp63,3PV11RNUoGfX9tMN2wVljB
2mPL4g4v9DS55zi6QctLbP,4CwjXyhrK4x6VbvvD8UbIe
0awWNjR5qmSZsQVFAo2NsR,2IHoZ3RrDJIikMRsYgHjhy
1kgxTtyF91VaqLD3J6Krd5,3p5VCeIdYiZzNu0kyb9sMd
0awWNjR5qmSZsQVFAo2NsR,3vsRnplSphnC5VPIJgvUl0
5CVwY7MrkxGF1aM4f1u6Xk,663f33ecwH8fNpgjNpHdrX
458SnbBEo5F5O1D2AEsx3h,4Y7tXHSEejGu1vQ9bwDdXW
4Rxn7Im3LGfyRkY2FlHhWi,6xG98gEXySxmymIoDJekBp
16s0YTFcyjP4kgFwt7ktrY,5095RvavOCEiQ5nl0yUJRY
276sMtyUmlkO7N2SgZvbpB,6NAhbfEqeWELwfjH391Vz0
4ABH4F1wNlEfWKesKkn7o7,7oxIi3tF8bOBxAcSixbojj
2MnMuRYL9qsGvWPsZGeDGQ,630wzNP2OL7fl4Xl0GnMWq
4Q3xLVaD2uBZGVxmCYuSkt,4fc3ii0Q4S0O9C7O9XRTxz
0lMa3YTHqQnDDTBaxAV7LK,7HCqGPJcQTyGJ2yqntbuyr
0Yozms4JXzD67amL5nv3eV,7MW3lTs9G10C55or1KZrwQ
3JycOLVkKdnZqnvhF918ia,4l1cKWYW591xnwEGxpUg3J
1w73c5x9eoKqhsYoGrEL1r,3RJrimoFyTK3SoTF4TaDSA
4AJcTAMOLkRl3vf4syay8Q,5ZiGQAi97WtuH1SUyJi2RA
0OMJR0LjjKv21qNvICTgbi,6DPYiyq5kWVQS4RGwxzPC7
0HlxL5hisLf59ETEPM3cUA,24XOLhbw8osKKIGBsAGoHH
4D3Rik34ofGp07ieu9zENY,4Qv21cLGHUxyffRHV7vaUp
2Sqr0DXoaYABbjBo9HaMkM,4phGZZrJZRo4ElhRtViYdl
3iiXKvnmNZQepvC33nqrrL,47z7ZrgFoBvVpCnElCE3Zh
0xpMy6DeMBWX8zTURxB4h5,7Bl9s8h4F1jcX1aJYHBpfm
0Jsk5iYMr5aNjHury7blm1,1wFoE1RwBMWoWkXcFrCgsx
0BezPR1Hn38i8qShQKunSD,3PV11RNUoGfX9tMN2wVljB
1wFoE1RwBMWoWkXcFrCgsx,1yWjbmwKNd1q0PI1V1BuQ7
1jYb0bxf66vnGdNun4KXhE,21WS9wngs9AqFckK7yYJPM
4Kdx0GZbfcNRIku5iM2Ug8,4Q65O1eRdurIFdAAGURvH4
4GcktEVE1rB4Kyv1woxUrx,6vuVged7VF8wges7fJU2s5
3Hew3AuvrbKxCbehT4Rorq,7q2KiYaC6X1l2dchF9wA3n
4W1vRb1vaVjsJHCIgCDlmj,5ENS85nZShljwNgg4wFD7D
2rbNJOv4HQpizvz3knr9Ng,7HCqGPJcQTyGJ2yqntbuyr
3hjD2tgcUWOm6o8Kk7cudp,5cpxHc2y6L3Jn3FWY3z94Q
2pQAUIesBqfT87PaM1ijtk,6kq4GHwUcUojGIu0ziSNXf
27X8WM8PeEiVmhq1JoFMnD,5kLUQ7J1U7CqxjW0hu8rr3
2cM6v3lyiTwzu0lIDp1zMn,65nZq8l5VZRG4X445F5kmN
0W3C8tSz8ERP2t37m6Ru6r,23z16jDNwdZLV9fvE7KliP
3PNIgG0Hb1GKusXexyu3D4,7LiVklVR1325BIOqD9kykr
3uCu2WgyG0Iw50ylOYDSpH,4C7qs1UAC5Z50W7FgTV34G
5oyJl4WAwp4zVj9Q174K1C,7vvUKXOl1Tb0TQmRMJjuez
34nbQa7Hug9DYkRJpfKNFv,6sCLeqbuK4nOWjcMRb10Gp
5Y3MV9DZ0d87NnVm56qSY1,7iK8PXO48WeuP03g8YR51W
0Jsk5iYMr5aNjHury7blm1,2rYxEnHjY4kAGMy2muATL0
21SOnTj5ECwVXeBUTRcP3s,3tQx1LPXbsYjE9VwN1Peaa
1W3FSF1BLpY3hlVIgvenLz,7sfl4Xt5KmfyDs2T3SVSMK
16s0YTFcyjP4kgFwt7ktrY,4AJcTAMOLkRl3vf4syay8Q
1359cXd992MwCyGCgbPDcS,4SKWDIWfEZbyMI8gzeeoXO
2KsP6tYLJlTBvSUxnwlVWa,5Ckc2CMW7qtolcX1i75aN0
1wZtkThiXbVNtj6hee6dz9,500Pu8sBollg8xWSu9TR3E
11ohMXkA2KIq5F1DoWH2jj,3vsRnplSphnC5VPIJgvUl0
0RM7Wj055edxvDonfNCs5j,1YfEcTuGvBQ8xSD1f53UnK
05YXDJuviChki9rwRNWq55,2LOJIQPpWqcbbCFKb1FFHT
0zp4Tuw2qRqrPTZyBkk8pS,3cTor1Phahaio2FHwGlRBj
5Ip2ecnyGpNyZvPuuYU8Ai,6HmvyQ2UigPWvYsePyheyv
0tsYVbi5ZEVAinYHpqFfSL,5QclwTG2aoAwoeBBphkegt
1eZrfWxHcpXwCb6wG78otq,5Mq7iqCWBzofK39FBqblNc
34ZgtjHC9aNCr5ZTUs7bzx,3OVuZhlGMASlYTZUDr6VxW
0HlxL5hisLf59ETEPM3cUA,0LTOhhlPSPjhOamlAhbYfa
2GjSuFwEGS4auiZl1ePhzh,5deLgmgAEgy8UHOfJ9Dj8w
3SXwqSqAoBz9WCI9PDQzY6,43mWhBXSflupNLuNjM5vff
32oAMZFotC45CbmfnVO8cO,6kA65euBMiB9byVyLbfVDq
13KeE3TnUrYh367HJu0sMx,5L6GbwWUM3Oi5GPnkmmp24
2IJctmvAfCpc1prOdWE54K,6NAhbfEqeWELwfjH391Vz0
1JXKfGs594mz23sQepWOWP,5f44oHK166g6FpUrqcLXxF
0ABwwTA6o9YAnRpLsWgwf8,7aLbqaCIv1zAI6HCfPCMjI
209iefa4qgaGhDAgjxN9F9,7iOSTCEIxyYydtB2q8tN2A
4NlZV4YBrzohrwcKR3vOkV,5Ip2ecnyGpNyZvPuuYU8Ai
1J1ZZtNJAhoc2PJ3y5Un4Q,5zpiyNX3wozQrDnNz49rsR
43C3LVD6x8GLvputT34r6T,5o7fmoqHl79fzoCzeApdxm
3SN7I8KV2qBwTCZ4aNDcbS,5pbzj8JGUpUCMHESd1yHFv
32q5zNVRPO98GfzTAqbVXN,6L1yXwZajCFJsGZcCIRuTc
1PNvaesh1mkKZucGhBuqgD,5cIVFxPSiXer2MuaoEATkJ
1apmSb6aeHZyr9zUsy1Z9q,3ioHf138TiMxYRCWmC8yJX
02nqwOvmlIhYQtZ5kVqJZm,4ehtJnVumNf6xzSCDk8aLB
4Y7tXHSEejGu1vQ9bwDdXW,7pFRZzpdFnoC3XnilFWEOr
1GJFMvl7YNCHPCFbIJfoXz,2OULCPo7k0vPKlEZimhaVc
0jaakjO6cMB5cJLeoa5aV2,1fux65HMCBvfJHqlBc4Nno
2MLT9mFQ7sikVVqUx0tPry,50soVcuWtQZM8KRN4l9H6g
0zo8fkOQyrawuBfIhy99jb,2c3AUUVvBXFg0OdfFz4Dbu
1mYMydn9K2amdTRXlDvIAm,3Nbij6lwrwz0XB7HubxdN2
3xw8kdrTh2oIYguCn5Og0b,4xTiWBThjZgo1uZn1WpZm3
1fux65HMCBvfJHqlBc4Nno,2GzKA5uPf3Nef6JjkUNk4H
5L9tezKAYXUKjMkbyIgyep,72FGvJgYbs0NBeJqECy6cF
2sHwzEqZEFO9KSRZSGQtE1,6NAhbfEqeWELwfjH391Vz0
2GzKA5uPf3Nef6JjkUNk4H,7iK8PXO48WeuP03g8YR51W
5CMaNobmJYgXcfiT0zYOwi,6CarTAUaWnQb6bp7yjP0Zz
2IHoZ3RrDJIikMRsYgHjhy,6LwJ1zgqEFyIwXzDD44Qsn
1z7b1Pr1rSlvWRzsW3HOrS,5Vc4qPnItSUWhOZl7J6yUa
0HlxL5hisLf59ETEPM3cUA,3jWOrBU2ds29JvnlB5ex2t
0NbfKEOTQCcwd6o7wSDOHI,5eKbxyXjYlkiyCpVlcOM7B
3Z7tNWlrQnxjy4LuhlHAAB,4Qv21cLGHUxyffRHV7vaUp
0cXz4Jkhb32ehDe3No7oF9,3omyT5zHz9QmE63xEk10OV
3gIaXwGvba40FNweun2cOW,6kq4GHwUcUojGIu0ziSNXf
0NbfKEOTQCcwd6o7wSDOHI,6QS84S3i4gwdEKqWoTtDLd
2RQ8NtUmg5y6tfbvCwX8jI,41rbd3YKGK2LiBty2QWmdN
1kwzW1IszUiq4Gs9BFesvW,6L34dW6SKMSDaGIfYDU19j
1GDbiv3spRmZ1XdM1jQbT7,1wZtkThiXbVNtj6hee6dz9
1ZUpQr4VSnnP86WbaRRMpd,7EQ0qTo7fWT7DPxmxtSYEc
4pWVARcdpE1D4Zx9bLdi8e,7zMVPOJPs5jgU8NorRxqJe
5ENS85nZShljwNgg4wFD7D,5Ri5dhNk9TFxl7sBl9rAPQ
2KsP6tYLJlTBvSUxnwlVWa,6FSZmn4oKr0o1UpTZ8vXMq
16KSSLMXOdKQ2MHt9bOHTG,7v4uoBQXCgUEbtHuvDfNce
2MnMuRYL9qsGvWPsZGeDGQ,4QLlbZcntdcWpm40NooC2M
0lVH4ReyYkoPMxFDzCQSgO,48Zl8yw6YhIsymNwvNMlnM
1WJ0L2oIgKup1n8AWgFVNe,6CGE1o9Swi1tAEa23wRTah
2hkGkEnyudpE42IU4DBt99,7Ml36YHsejaW7jVjJAhW4a
5czVIm17rZyNTdUdD6yY7w,5x0wy0trcqYLvwUG5PFmQL
6SGCqG5HEr5gFZR9ct8wID,7Bl9s8h4F1jcX1aJYHBpfm
1dgdvbogmctybPrGEcnYf6,6yVrZt8f3TB1NXP5fIT193
0hPar6ePAELiu9rYMdvMEo,7fAKtXSdNInWAIf0jVUz65
38CvLGTsjtoloDgv3OKQp8,3c655cBO0W2SlWOKLu2sqD
2PC0CLpUsoEQPNIZKg2ZX0,2zj5Z9L8qLFrcdkRHsLek9
2ph3uep2AopkQ4romPAik0,7fAKtXSdNInWAIf0jVUz65
23IZADrJHPStZ6aMxJVq3s,4cr1vZsdjcY434Aqc3fDBt
16M8fuShcwX8uBDdmFZH9B,4bWHA8fMNjzfGPQqnh5D6y
1bpca6RQE5kp92pIwPMBE8,2U1l35agymGrBDFeMIxVLG
1YfEcTuGvBQ8xSD1f53UnK,1z7b1Pr1rSlvWRzsW3HOrS
0yK5DcF77aRy6g60p8X0ZQ,3D3G9qcu6f9pBQMWa9YGXj
1HzcHe0WFm4koBalCEOkVh,2Ss73LwiIQQRLr9OoLQfuy
2luxoPN03fffEhhOjpBN0m,6oMuImdp5ZcFhWP0ESe6mG
3YFcJiLRkvOshFoYB5Rxif,4X8QFzZ1HqwPfwDfyjtwXC
2jlWF9ltd8UtoaqW0PxY4z,66UTgjk1qw87MQEpsidHdA
633MZZrIfdIj6Yhkz3ZBnY,7vvUKXOl1Tb0TQmRMJjuez
5pKCCKE2ajJHZ9KAiaK11H,7cqR1QUke4EVk9cKfUhUQw
3CJKkU0XuElRT1z8rEtIYg,5PIdjtNMwJgYituTP77U3X
3mnV8nHkDFtgj44qwt4rVt,58zckWmoqAOoqPtZggJ9OZ
2ZRrPOjBIWoKK5rHedLijj,7HCqGPJcQTyGJ2yqntbuyr
3bUA5ltyxKcuYe5G2U0GA4,6d5CGj93XLaqmyt10XgL8O
2cyyGl4qnHZL0o16t0fpJl,7qK82gUDhlFGqkrOsiZIDx
0NeZ1Wg61V8HMNgVjZwHss,4Kdx0GZbfcNRIku5iM2Ug8
0k4tYg6N84bhZcd6tfNWXt,16KSSLMXOdKQ2MHt9bOHTG
0EAlTKO2HfATH766bVH1rX,4Y7tXHSEejGu1vQ9bwDdXW
209iefa4qgaGhDAgjxN9F9,47JXe7NykMJNsa19FwUX1Y
4x2GpMP6bQGWIgGx2OAujt,4xTiWBThjZgo1uZn1WpZm3
0wQRICI4gaPbViW2BA6FDZ,5ENS85nZShljwNgg4wFD7D
21LyIUoc6Xh6A8WjLSbYIW,2CvUm9tAuVrTsxWxifyk3w
3uCu2WgyG0Iw50ylOYDSpH,4iWkwAVzssjb8XgxdoOL6M
15NtJjjHRFybdNSMyM9smT,2M6dCv6FDYMum9nPnNB5Vy
5ENS85nZShljwNgg4wFD7D,5ee4yhrWOxaxvL77BoVpVR
15jZ8OLtnGATWHlQkltG7f,6QS84S3i4gwdEKqWoTtDLd
0IoIkdG7qU1UXQeFbvevYo,4YnmlfVdziLiqFQtQ4zTcq
0sN4enVJwylJKEXZlSbgsm,44NX2ffIYHr6D4n7RaZF7A
1N0l9m9vGNeUwDT8YoengP,2WROyFfIOmKtRopsTrIL52
2pAmbNN8mzxnBgYwZ4hSSo,592JnViQ2tot63c1SbtgK2
0c1JwhGqNvfBsmWNvRUKt1,5ePGdHwXrYiVXslyf1sYgF
21sZyR7G75dNav5foqjApa,4md2OwykkDpAVx2keVXBBV
21E3waRsmPlU7jZsS13rcj,5kLIWnrvYVb3vpWRg825xC
0ys2OFYzWYB5hRDLCsBqxt,6yRnpibMV9phmk5aIiqhVk
0w5b6avAgisYpnmhaOnugg,2MnMuRYL9qsGvWPsZGeDGQ
0o0rlxlC3ApLWsxFkUjMXc,5nKYramMTsWkxhN8qJAstD
1oOTUMbydEi6ogss5Klsom,7ABjmCErFBTzoGMVoQc2Sh
1wZtkThiXbVNtj6hee6dz9,5pZE9tgrhmIGWAsJZ7YxNK
1ryESxMskV0PFhuN176jhG,5xmfXwTbTxL1CAWPIO5owA
4NgNsOXSwIzXlUIJcpnNUp,7KygebVvltzvrQxNnukuFT
0lFLP59V4TY3XgnrkFIwxK,6UaMv59B64t5wi1vH4H5HT
2h93pZq0e7k5yf4dywlkpM,6vWDO969PvNqNYHIOW5v0m
4xTiWBThjZgo1uZn1WpZm3,5lrxng213OpcDxcZAjqE8f
2fY66koXoL3xdNkal4kKRJ,37G8DfNgO4mQ3PKh5droSo
22axSYd0A2j0jpnlf6tkyg,7ggM69yllqpMykcU8Tror4
1UY14QmPtbYtJp41TBmquK,7kG6A2lZMXeaD5YkubF5Kn
2s7Oijd4mFGgEkhYJtf3sJ,2yPprAQlrIQWu60g09B9MZ
2hkGkEnyudpE42IU4DBt99,6k6ILiae52gGoxeiEWl7Ox
2PJbut7PSrpXixUMceTUUa,6Cej574CUx7dHKuRHBPNp0
0NbfKEOTQCcwd6o7wSDOHI,7sfl4Xt5KmfyDs2T3SVSMK
2lrU6o0Z8nc1TulQQjplEa,718QENtLy8bL4xVoZPg5PP
1z7b1Pr1rSlvWRzsW3HOrS,21WS9wngs9AqFckK7yYJPM
2eLrVxwm6t4QeaORq5w8VW,5jDT8a2fQyCHSmDZI3sbrf
4j9Qs4OyYgYcIFAzAvSaam,6LwJ1zgqEFyIwXzDD44Qsn
4TjR4K8rD5CqqqU59V6aGr,7nC05zmJukRGYObQeRgg3x
2Z05WGDFHUizWGgqtv2usO,5fvTHKKzW44A9867nPDocM
1hjJE3mbarcUtd2dSriXBI,5pKCCKE2ajJHZ9KAiaK11H
0wpdOxpmFQpkhZ2pP5QmmV,2ibLkY3yX8LE7rxbZLwE3Q
27LlKWxS3KXW7RRAxN5S8s,4CuMwzDzEdlUJMEna38VQ0
4U7lXyKdSf1JbM1aXvsodC,68QUssU8KffP7KmgO3Z6Ye
17Do37U0HEbxu1tOrKH8dL,6ZPADYpgSS0VwqZPJeX54p
21WS9wngs9AqFckK7yYJPM,40NRiKuuhj1pgGYppptlBO
0t6A5IoqSxQzxmMoDkS9Cv,7u0cYeefrzVUt6CfDQCpT0
3TaUSUXn41GixL7zbvrIDt,4WUGQykLBGFfsl0Qjl6TDM
1fIJZfSmqQkuqfKNRmrS1V,4yxLYO2imECxGYTTV7RQKb
1ZroOkWsx8RR4kjFawQSWw,5POPLEqoZcENY4ZNXQWZHB
5zId1SmYy46E9v2KQsSTFR,6QsF5l51pE1r3GGqrkmHEn
34nbQa7Hug9DYkRJpfKNFv,4sFGEHs1ufSWEmfpTDm3DM
4Xmv5ukMoLnot3CkVwP4tK,747TU2nFyT5kS1O8hS9bD3
3PGV93tMGwXv6zkpj46swC,7MW3lTs9G10C55or1KZrwQ
15jZ8OLtnGATWHlQkltG7f,21E3waRsmPlU7jZsS13rcj
2Dlvgi70UoJJicfKgoW5Vo,4cFJzREymbjXas09arEp5o
27X8WM8PeEiVmhq1JoFMnD,62aZgEriKUCni3x4j55BGF
139jT21pngPk9iHp4dlno3,4yUvIAm9mSJyLt1WLrOxAZ
3nS9p2LFqCEDtPuIDaDXXt,592JnViQ2tot63c1SbtgK2
2OULCPo7k0vPKlEZimhaVc,6QS84S3i4gwdEKqWoTtDLd
1z7b1Pr1rSlvWRzsW3HOrS,3nViOFa3kZW8OMSNOzwr98
4WUGQykLBGFfsl0Qjl6TDM,5w3B8Yivj5m2bgDixId20g
1XVqtdXMEs2NEkwQu3C15u,6ZLa3FArZyL8LL5DG3RXtm
5pZE9tgrhmIGWAsJZ7YxNK,6gm3ZEpugRTHbtEn3A6Siw
1W3FSF1BLpY3hlVIgvenLz,6vWDO969PvNqNYHIOW5v0m
3ycxRkcZ67ALN3GQJ57Vig,5sKvgmG84C0bIMWeS2SRPr
4xTiWBThjZgo1uZn1WpZm3,60tsxRkHtGIlk3IW8U8O2y
4wzaRDF4qHorMZTONbKGcB,7Fh934KVdTC7ekW6Rqangw
4OM35DQShpFCjiHurYjLLi,72FGvJgYbs0NBeJqECy6cF
2BG0hYw2yxUZAo7qleXlor,2SHhfs4BiDxGQ3oxqf0UHY
0yZG22ntdDqVCFIulOTc8x,2s7Oijd4mFGgEkhYJtf3sJ
1sVmXkzX2ukc6QvasrDBES,7qBCchU3cQzAEXgB9QnkL4
2ajhZ7EA6Dec0kaWiKCApF,6DwxHTynJavGODcCisNTY7
1k6UJX3fICUUXA9W5vnnDD,32nKrlbSIPvgVTcd4LKJor
1NgFPsBlrDiNnVUQeaZX45,7aLbqaCIv1zAI6HCfPCMjI
4aL5skAlrmagFwCx6OXKPr,5mNFpEfI0KApCz2Y88LYW6
2Fu5huGG8iXC85P9akyYrr,3Wg5gpdhTid82seQfSyGEe
2TWHocCVJZ4bcx41yQghqq,2ew9JvyyuOGkhahuwdovDq
2cyyGl4qnHZL0o16t0fpJl,4Rxn7Im3LGfyRkY2FlHhWi
0HxX6imltnNXJyQhu4nsiO,4Y7tXHSEejGu1vQ9bwDdXW
2NTDSQFtGpxTz3nJHUMft0,5ENS85nZShljwNgg4wFD7D
0uW98WKMjYGMBXXisfsNmv,49HZC2zYLcNT1zUB3YFAWJ
4SZJ7yjvzV3VQ7mHIOew8h,4xTiWBThjZgo1uZn1WpZm3
3wSK9za3WEFbm72IMz5GjF,6Cej574CUx7dHKuRHBPNp0
3k3paMystfZe21Vjgj8bo1,7HCqGPJcQTyGJ2yqntbuyr
1uy9kMGdXNyAIxE6ipZ74V,6J19N5JZkGRjuONpiizCIe
6hYYR2iCoEzz16s5VwJICL,7LiVklVR1325BIOqD9kykr
2yPprAQlrIQWu60g09B9MZ,7EQ0qTo7fWT7DPxmxtSYEc
1WXbiUMl1AT9Inb619xPUg,68PYmgkbRP1qZnEWOry7sB
1iRqRj6wAq5wAAjfzpbH1I,4Y7tXHSEejGu1vQ9bwDdXW
